{"cameraMode":{"drawMode":0,"name":"Shaded","section":"Shading Mode"},"sceneLighting":false,"audioPlay":false,"sceneViewState":{"m_AlwaysRefresh":false,"showFog":true,"showSkybox":false,"showFlares":true,"showImageEffects":true,"showParticleSystems":true,"showVisualEffectGraphs":true,"m_FxEnabled":true},"in2DMode":false,"pivot":{"x":-19.888813018798829,"y":101.67308807373047,"z":0.8649702072143555},"rotation":{"x":0.03180118277668953,"y":0.06101495027542114,"z":-0.0010213947389274836,"w":0.9978492259979248},"size":0.8660253882408142,"orthographic":false}